{"name":"bb9952b1-5bb2-456b-9a49-6c87f0558fea","id":"/providers/Microsoft.Flow/flows/bb9952b1-5bb2-456b-9a49-6c87f0558fea","type":"Microsoft.Flow/flows","properties":{"apiId":"/providers/Microsoft.PowerApps/apis/shared_logicflows","displayName":"PowerLabs_AIDog","definition":{"metadata":{"workflowEntityId":null,"creator":{"id":"99ae37d1-f496-4b1b-a7e3-5a68cec6a2af","type":"User","tenantId":"d2f3ab7d-95a5-4eb7-8ff4-23e5aab3f8d3"},"provisioningMethod":"FromDefinition","failureAlertSubscription":true,"clientLastModifiedTime":"2020-03-09T23:55:26.7085087Z"},"$schema":"https://schema.management.azure.com/providers/Microsoft.Logic/schemas/2016-06-01/workflowdefinition.json#","contentVersion":"1.0.0.0","parameters":{"$authentication":{"defaultValue":{},"type":"SecureObject"}},"triggers":{"manual":{"type":"Request","kind":"PowerApp","inputs":{"schema":{"type":"object","properties":{"Setvariable_Value":{"type":"string","description":"Enter variable value","x-ms-powerflows-param-ispartial":false}},"required":["Setvariable_Value"]}}}},"actions":{"Respond_to_PowerApps":{"runAfter":{"Set_RESULT":["Succeeded"]},"type":"Response","kind":"PowerApp","inputs":{"statusCode":200,"body":{"result":"@variables('result')"},"schema":{"type":"object","properties":{"result":{"title":"result","x-ms-dynamically-added":true,"type":"string"}}}}},"HTTP":{"runAfter":{"Compose_file_content":["Succeeded"]},"type":"Http","inputs":{"method":"POST","uri":"https://australiaeast.api.cognitive.microsoft.com/face/v1.0/detect?returnFaceId=true&returnFaceLandmarks=false&returnFaceAttributes=emotion&recognitionModel=recognition_01&returnRecognitionModel=false","headers":{"Ocp-Apim-Subscription-Key":"e4fbf814f1e14fa494912f67154fe35c","Content-Type":"application/octet-stream"},"body":"@outputs('Compose_file_content')"}},"Set_RESULT":{"runAfter":{"Compose_WINNING_EMOTION":["Succeeded"]},"type":"SetVariable","inputs":{"name":"result","value":"@{outputs('Compose_WINNING_EMOTION')}"}},"Compose_file_content":{"runAfter":{"Initialize_variable_RESULT":["Succeeded"]},"type":"Compose","inputs":"@dataUriToBinary(triggerBody()['Setvariable_Value'])"},"Compose_ANGRY":{"runAfter":{"HTTP":["Succeeded"]},"type":"Compose","inputs":"@body('HTTP')?[0]?['faceAttributes']?['emotion']?['anger']"},"Compose_HAPPY":{"runAfter":{"Compose_ANGRY":["Succeeded"]},"type":"Compose","inputs":"@body('HTTP')?[0]?['faceAttributes']?['emotion']?['happiness']"},"Compose_SURPRISE":{"runAfter":{"Compose_HAPPY":["Succeeded"]},"type":"Compose","inputs":"@body('HTTP')?[0]?['faceAttributes']?['emotion']?['surprise']"},"Initialize_variable_RESULT":{"runAfter":{},"type":"InitializeVariable","inputs":{"variables":[{"name":"result","type":"String","value":"\"neutral\""}]}},"Compose_MAX":{"runAfter":{"Compose_SURPRISE":["Succeeded"]},"type":"Compose","inputs":"@max(outputs('Compose_SURPRISE'),outputs('Compose_HAPPY'),outputs('Compose_ANGRY'))"},"Compose_WINNING_EMOTION":{"runAfter":{"Compose_MAX":["Succeeded"]},"type":"Compose","inputs":"@if(equals(outputs('Compose_MAX'),outputs('Compose_HAPPY')),'happy',if(equals(outputs('Compose_MAX'),outputs('Compose_ANGRY')),'angry', if(equals(outputs('Compose_MAX'), outputs('Compose_SURPRISE')),'confused', 'neutral')))"}}},"connectionReferences":{},"flowFailureAlertSubscribed":false}}