{"schemaVersion":"1.0","appDefinitionTemplate":{"id":"/providers/Microsoft.PowerApps/apps/","type":"Microsoft.PowerApps/apps","tags":{"primaryDeviceWidth":"640","primaryDeviceHeight":"1136","sienaVersion":"20191212T092321Z-3.19114.20.0","deviceCapabilities":"webcam","supportsPortrait":"true","supportsLandscape":"false","primaryFormFactor":"Phone","publisherVersion":"3.19114.20","minimumRequiredApiVersion":"2.2.0","hasComponent":"false","hasUnlockedComponent":"false"},"properties":{"appVersion":"2019-12-12T09:23:21Z","lifeCycleId":"Published","createdByClientVersion":{"major":3,"minor":19114,"build":20,"revision":0,"majorRevision":0,"minorRevision":0},"minClientVersion":{"major":3,"minor":19114,"build":20,"revision":0,"majorRevision":0,"minorRevision":0},"backgroundColor":"rgba(0, 176, 240, 1)","backgroundImageUri":"/15378685383774637943/Na3d11ae9-7ca2-42f3-8998-a3eb66beda87-logoSmallFile","displayName":"AI Dog - Emotions","description":"","commitMessage":"","appUris":{"documentUri":{"value":"/15378685383774637943/Na406624e-d1e7-4310-84c3-621bcf3cd7fc-document.msapp","readonlyValue":"/15378685383774637943/Na406624e-d1e7-4310-84c3-621bcf3cd7fc-document.msapp"},"imageUris":[]},"createdTime":"0001-01-01T00:00:00Z","lastModifiedTime":"0001-01-01T00:00:00Z","sharedGroupsCount":0,"sharedUsersCount":0,"icons":{"smallIconUri":"/15378685383774637943/N1abeab4b-9ec7-4c6b-b1a3-387ef22c37a6-small.png","mediumIconUri":"/15378685383774637943/N11d768b7-9a7f-46cd-b37f-8b24916c3b40-medium.png","largeIconUri":"/15378685383774637943/N4bc8fe32-1312-4056-9060-8933f1da5e7f-large.png","wideIconUri":"/15378685383774637943/N7a72d306-a1c5-4df3-8337-20fe287c609d-wide.png"},"connectionReferences":{"0b988574-b0f0-41fa-802a-00d06fda077e":{"id":"291ff4f9-819d-4aca-a1dc-5b9de2101a6a","displayName":"Logic flows","iconUri":"https://resourcestackdeploy.blob.core.windows.net/scripts/13276078.png","dataSources":["PowerLabs_AIDog"],"dependencies":[],"dependents":[],"parameterHints":{"workflowName":{"value":"292841b7-b5bf-4f16-98cb-4ea16f1dbf06"}},"isOnPremiseConnection":false,"bypassConsent":false,"dataSets":{},"apiTier":"Standard","isCustomApiConnection":false}},"databaseReferences":{},"almMode":"Environment","performanceOptimizationEnabled":false,"canConsumeAppPass":true},"isAppComponentLibrary":false,"appType":"ClassicCanvasApp","appComponents":[]}}